X1,X2,y
5.4881350392732475,5.928802707811576,20.726522610560774
7.151893663724195,0.1006369565609333,13.579699986009105
6.027633760716439,4.758261958572227,21.637532493112364
5.448831829968968,7.087703909410487,24.380470373402545
4.236547993389047,0.439754320240906,12.22486725583071
6.458941130666561,8.7952148302373,19.790350909877656
4.375872112626925,5.20081416635673,12.933907228728538
8.917730007820797,0.3066104832571792,13.706812697458227
9.636627605010293,2.244136119208402,30.601897341075887
3.8344151882577773,9.53675696427313,16.751550319743103
7.917250380826646,5.8231973305205535,21.40931315374534
5.288949197529044,1.0747256776880454,10.668263856758744
5.680445610939323,2.875445022805615,17.264793052857694
9.25596638292661,4.567036258604842,24.24038183677164
0.7103605819788694,0.20950069267730465,1.850437383793024
0.8712929970154071,4.116155136137588,5.879125181798392
0.2021839744032572,4.894586354346981,3.2430415412682745
8.32619845547938,2.436778752812322,18.065115228323847
7.781567509498505,5.886390002919866,21.959048338452238
8.700121482468191,7.532401195921769,26.361513015434532
9.78618342232764,2.358342241056355,19.77808125471197
7.9915856421672355,6.204999002799877,23.002919109686044
4.6147936225293185,6.396222429637416,18.575677721632186
7.805291762864554,9.48540301128841,30.711174757425333
1.1827442586893322,7.782761672964438,7.13131514921571
6.399210213275238,8.48345269790006,20.60465436080979
1.433532874090464,4.904199084362752,8.853106399337394
9.446689170495839,1.8534858697938283,28.780021786543486
5.218483217500717,9.95815292959635,31.249504212317188
4.146619399905235,1.2935576103869961,13.69226690116638
2.64555612104627,4.714573193542654,11.504247964645856
7.742336894342166,0.680930992421066,23.874013501691675
4.5615033221654855,9.438508573508194,24.811334304236194
5.684339488686485,9.649249408484396,20.856438831371435
0.18789800436355142,7.193890620039736,6.8039962868276875
6.176354970758771,3.499928436301689,16.622438236902116
6.120957227224214,2.5438240111762433,18.267762954046365
6.169339968747569,2.653033245370474,20.539231272232925
9.437480785146242,1.2729402542007473,28.669300765451812
6.818202991034834,5.258089530767229,23.826622491943585
3.59507900573786,1.418172757014775,11.67944121012872
4.3703195379934145,3.1673066655345625,13.720402815449573
6.976311959272649,6.267064759591049,20.310156818315683
0.6022547162926983,7.275436095907498,15.506697876717112
6.667667154456677,0.24272704622061214,13.648611437660882
6.706378696181594,4.301159843767399,21.280249415753023
2.103825610738409,6.52124594842139,9.927978479737558
1.289262976548533,8.532459761585129,7.653296448597643
3.1542835092418384,4.753247822120824,10.430164801770104
3.637107709426226,9.692058717176852,15.073900902771678
5.701967704178797,2.656325475414473,15.345615494100809
4.386015134623204,0.1350870662671888,8.226208573105641
9.883738380592263,4.837528647017361,25.14984317474277
1.0204481074802807,2.5611379502001794,4.720214733729799
2.088767560948347,8.237176720231695,19.923200516069766
1.6130951788499626,2.327726721811121,7.026033878623235
6.531083254653984,3.106292182913063,15.823453434913027
2.532916025397821,7.912274310191123,18.668682433005173
4.663107728563062,7.1514325202536,14.974280301112513
2.4442559200160274,5.580512366572625,11.46540125876766
1.5896958364551972,7.0494806192275945,17.108824390531733
1.1037514116430513,4.186368635700265,5.992278121058877
6.563295894652734,0.05310047614667801,8.620842445449004
1.381829513486138,0.11355128512192558,2.1465997285909673
1.965823616800535,5.112217875736866,9.244788752192441
3.687251706609641,0.8329097971899924,7.382459103095153
8.209932298479352,0.5107548016925678,24.488677751474736
0.9710127579306127,9.655166391374733,11.016759241118507
8.379449074988038,8.590026396580585,28.8631164413702
0.9609840789396307,1.5202722720956952,4.786629175160535
9.764594650133958,0.006642185902044906,20.013864924399506
4.686512016477016,9.416677953897564,24.050520460488283
9.767610881903371,2.7832529832011432,23.09266045763225
6.04845519745046,1.858976028554975,16.4508778720743
7.3926357939830165,6.915081078315353,25.54506877846364
0.39187792254320675,1.089037388413262,3.8385724324414427
2.828069625764096,2.646495980028003,9.832313292473629
1.201965612131689,9.750946802120465,11.936516210041532
2.9614019752214493,6.394627744740102,16.467372836820793
1.1872771895424405,5.206777914825535,13.618419326150788
3.1798317939397602,3.9791861483493776,10.093507026942
4.1426299451467,7.74500954884202,21.644381502898952
0.6414749634878436,1.4095747652369373,3.666966994372373
6.924721193700199,9.673378020369821,23.22855923115028
5.666014542065751,8.611230080657867,19.90833828546247
2.653894909394454,6.176569825692432,11.911027030974259
5.232480534666997,0.42906190402558164,11.555946620774298
0.9394051075844168,7.008556494477377,8.400670753164142
5.759464955561793,9.132843408854809,21.045367560191792
9.292961975762141,5.24577067478626,21.27307345308092
3.1856895245132364,3.542248218272628,12.812431333090974
6.674103799636817,1.2027734497946962,13.374581814258963
1.3179786240439217,7.549011041375683,9.92712458659856
7.163272041185655,8.850218512118062,28.6440878772908
2.894060929472011,1.0025174407584858,6.664093184842572
1.8319136200711683,7.589845547523419,10.100922846151505
5.865129348100831,0.17060486259097507,18.697189787295454
0.20107546187493552,9.670549180772195,18.593468300447697
8.289400292173632,6.150580206350962,22.00850133423541
0.046954761925470656,5.524390589916331,6.345801770281216
6.778165367962301,2.959498335889278,16.055402328495383
2.7000797319216483,9.292916715697835,23.80400037269737
7.351940221225949,2.65905627336791,17.570175753951037
9.621885451174382,8.28146613216695,33.4108350071365
2.48753143519958,9.85108679337132,10.222641149027003
5.761573344178369,7.833966455148058,20.015633233717992
5.920419312718391,5.189899203864318,19.549774066911485
5.722519057908734,0.6607426385167192,17.90238065132346
2.230816326406183,4.72413789171073,9.226257093801127
9.52749011516985,4.382559469717036,24.63843121381152
4.471253786176273,2.0279604118699526,10.832822167801194
8.464086724711278,4.235876367143044,26.95792348936497
6.994792753175043,3.577578840803387,17.67244491700269
2.9743695085513364,1.6368426115164847,8.789239096141518
8.137978197024772,4.413741433324861,20.499823930959316
3.9650574084698462,2.6279995632448907,12.244224888148393
8.811031971111616,5.220624206822643,22.253670226463058
5.812728726358587,0.3516005971619418,9.499791567299946
8.817353618548529,9.062314197872842,27.336697583308066
6.925315900777659,8.16364305519856,24.553149320679715
7.252542798196405,5.525813325105045,21.474752902328152
5.013243819267022,8.518085827572431,22.679361876627738
9.56083634723224,9.623950738108004,35.087369267714195
6.439901992296374,1.1052229405266056,14.378268231111381
4.238550485581797,6.308318084098038,18.820549563493252
6.063932141279244,9.979940009356586,22.017086692644362
0.19193198309333526,9.87889169333526,10.693839385622361
3.0157481667454933,6.033229922907446,17.31411493814542
6.60173537492685,1.2802087045081667,11.848244458912927
2.9007760721044407,5.831928309905282,12.140310478319526
6.180154289988415,0.020646355744217137,6.760240623467283
4.287687009457661,1.9891133466685962,8.813487162656354
1.3547406422245023,9.5612315955996,13.115419485639514
2.9828232595603077,3.3044057260284387,9.276863548505483
5.6996491070126485,6.383901057769485,21.71618436729234
5.908727612481732,2.808594946322427,14.256297221947051
5.743252488495788,9.478218871115896,19.89122594194435
6.5320081985713365,7.285587299494868,24.349455669985947
6.521032700016889,3.296511575814126,15.229708004411178
4.31418435433974,7.917614211803708,22.311116201510387
8.96546595851063,1.0816552447633765,14.287752709873727
3.6756187004789656,3.923189400654594,13.837920281653238
4.358649252656268,2.2121812773159233,11.943399941244726
8.91923355015672,6.837264472760463,23.589001292702484
8.061939890460858,1.0244628177193038,13.505703512226887
7.038885835403663,3.9702583228267407,17.591707986307252
1.0022688731230112,2.7664973020918957,4.580258335832018
9.194826137446736,5.063429193238042,22.670391202977687
7.142412995491114,3.4989768050387893,18.177609330741596
9.988470065678666,7.06410577667011,28.793212272927665
1.4944830465799375,0.24577024306966067,1.3435230330200643
8.681260573682142,6.339869213059075,26.15798096526836
1.6249293467637482,2.3057128969382,5.851772838950734
6.155595642838442,2.687090287568493,18.2903538033469
1.2381998284944151,8.002556035835235,8.309079763147183
8.480082293222344,9.555683939804208,30.834877822631437
8.073189587250107,3.1655021002708663,25.608941120485742
5.691007386145933,8.268052703690756,20.41395805046385
4.071832972259997,1.039908379712331,13.442764504874155
0.6916699545513805,6.339816530073832,4.629737001056905
6.974287731445637,7.510322995349188,24.051571971338397
4.5354268267806885,1.5597792803445654,11.82053369833576
7.22055599470348,4.260023876695605,19.33980705882015
8.663823259286293,8.927071642489816,27.368618615727293
9.755215050028859,1.0357846344837218,30.169460752971048
8.55803342392611,0.1809635820147515,18.380553967297015
0.11714084185001972,5.905853790479338,3.149813286255897
3.599780644783639,4.355315405309335,13.74783398786746
7.29990562424058,7.986892488839027,22.484640457455185
1.7162967726144052,9.234555382041066,22.00589232205286
5.210366062041293,2.991536445438161,16.996630534056074
0.5433798833925363,3.884041171691053,5.076157899814532
1.9999652489640007,4.8627208632931485,8.257903207403169
0.18521794460613972,5.881514604352994,5.266951218235187
7.936977033574206,9.838538296816168,30.267985740917254
2.239246880603801,6.973302508300515,9.002695908080723
3.453516806969027,3.8954850734556876,11.384811135373702
9.28081293465591,2.637676864504621,17.64692220639663
7.044144019235327,9.44625718422124,30.118984078451156
0.31838929531307847,1.355484331085064,0.3125424022140493
1.6469415649791275,7.20265852504758,7.829853012732136
6.214784014997635,9.253950252924406,27.958233966656998
5.772285886041676,6.646655865344386,18.493577020341327
2.3789282137450862,4.230544401661211,8.04261437816567
9.342139979247937,1.98990939925484,27.683002921816204
6.13965955965896,3.6747532225192723,19.535544926776993
5.356328030249583,7.068718094201221,16.9184536798721
5.89909976354571,6.495342241752969,19.037279870100306
7.301220295167696,9.279761665983578,23.426332718209036
3.1194499547960186,8.66860913659375,22.624897259463374
3.9822106221609186,8.161507522663683,15.007712836597603
2.0984374897512215,9.114508753507623,13.811177054333793
1.8619300588033616,2.763371527370494,7.092271306398893
9.443723899839336,3.695235401396495,24.242815245380086
7.395507950492876,3.798939037860174,16.647477441115495
4.9045880861756705,5.604505887097803,18.721071306914727
2.274146279733232,6.68218229542771,16.575708968604143
2.5435648177039294,2.867166830403943,8.408179909328844
0.5802916032387562,0.19462467309300346,2.0624641394934686
4.344166255581207,3.992223836579093,13.050987428076677
3.117958819941026,3.085279595544005,10.228383006275706
6.963434888154595,9.421847190180479,23.445091566570838
3.777518392924809,8.882650405440435,23.25612048951036
1.796036775596348,8.603106783434196,20.104976645567422
0.24678728391331228,6.529997609452431,13.656609936136125
0.6724963146324858,3.4428916469893887,6.7326543529765495
6.793927734985673,5.488492673993047,21.16777592058586
4.536968445560453,8.152250407163727,18.07347313816739
5.365792111087222,0.9861036872281104,11.550480235700642
8.966712930403421,8.010748802553048,32.30612047109277
9.903389473967044,0.4117979132812166,31.015854647444097
2.1689698439847396,8.164210312143558,13.70426726680862
6.630782031001008,8.075638041598735,23.747087517482633
2.6332237673715064,0.5100730882875582,9.180107738617412
0.2065099946572868,6.271607114618583,11.90577583362184
7.583786538361414,5.024530743128972,24.24844654064471
3.2001715082246784,1.6981950317171468,8.574741450478587
3.8346389417189797,1.4837893767737564,12.164368549770428
5.883171135536057,7.732591260670231,23.518233340392065
8.310484552361904,5.676927488368441,22.472035191723926
6.289818435911487,9.829991349165324,22.807498436615894
8.726506554473954,9.822477772883442,30.62710983921174
2.7354203481563575,9.926669934642664,14.235937306488857
7.980468339125637,1.186155183657659,13.73932623379173
1.856359443059522,9.382561369639623,21.560532198556267
9.527916569719446,2.4456960902056277,21.41283739167859
6.874882763878153,4.58212259758612,18.62469333854406
2.1550767711355845,7.574065558217259,14.183712281941972
9.473705904889243,2.0362093207723198,28.999759222484464
7.308558067701578,5.663116055543299,25.89546922341581
2.5394164259502583,1.858167482259957,6.61461212480313
2.13311977367482,1.047361066812933,5.5498140933720235
5.1820071393066325,1.1655861242959853,9.625893393102105
0.25662718054531575,3.576390348482188,4.4311288666116955
2.074700754411094,0.04654836837183485,3.408208840627624
4.246854687515063,4.248539212016896,13.848766328594795
3.7416998033422555,6.64197105081149,14.513560440533118
4.6357542436481065,4.016881850039887,15.605986729448157
2.7762870629473193,0.8579460051983512,6.418543317168501
5.8678434645816875,0.6268886202364055,12.651807745522863
8.638556059232315,2.781165127648617,27.59867494576699
1.1753185596203308,1.6931269054360076,5.600014431876817
5.1737910715411415,9.650949732179694,21.16440979096058
1.3206810634515331,1.51230224974085,2.1466874631066895
7.168596811925937,8.054624374049965,25.90822015590791
3.9605970280729377,5.861079417411448,14.383982374386413
5.65421311858509,5.692869199842944,20.756311177845998
1.8327983621407862,5.120807159237845,6.732086670872784
1.4484775934337724,9.71763076113951,22.733181569329982
4.880562806489546,3.638447750916378,11.135505048237654
3.556127378499556,7.8791575095387625,16.888956428620425
9.40431945252813,5.552941074669596,31.05423933672078
7.653252538069653,3.9563366762572616,17.62921080564164
7.486636198505473,9.55465933305781,25.69761294130649
9.037197397459334,5.983159693646871,31.16574739833257
0.8342243544201855,1.1891694214601356,2.1104117806058644
5.521924699224066,4.175392009968566,16.281613684037758
5.844760689557688,7.815817276816076,23.458658323408425
9.61936378547229,6.937470232392138,31.88022630198323
2.9214752679254885,9.163403298365742,25.115184068252464
2.4082877991544684,2.593773841415202,7.829555697289076
1.0029394226549782,7.581937163538238,7.335696317845185
0.16429629591474204,4.598752073945209,4.423159743532381
9.295293167921905,5.736097469668154,24.903245364976932
6.6991654659091004,9.55046681006283,24.365867373947065
7.851529120231378,9.792863199891773,29.885231513610368
2.817301057539491,8.615909639255635,21.363445610445776
5.864101661863267,3.5909708773029623,16.330267811296835
0.6395526612098112,8.877008357273198,19.833705946156922
4.856275959346229,6.38609177641413,20.966103362160524
9.774951397444468,4.299967804707131,24.340579379904124
8.765052453165907,0.35742682500483736,26.480810012092054
3.3815895183684566,7.701281241915821,19.353458296787604
9.615701545414986,5.02105580724113,31.72161654096135
2.317016264712045,7.861884994650607,11.848778206091131
9.493188224156814,7.480227993432699,29.144761765293165
9.413777047064986,7.93567368048352,27.68561675483903
7.992025873523917,3.0065115869676684,16.812958183537013
6.304479368667911,8.00798599067631,23.628598870742636
8.74287966624947,5.488463284661673,22.449894054422035
2.930202845077967,4.733262004491432,14.511213430523636
8.489435553129182,6.751259138207569,22.100288622173906
6.178766919175239,0.21358682938348306,19.135820816434336
0.1323685775889949,1.0231681588759423,1.3984993185148027
3.4723351793221955,2.9217736516752204,11.637490538513632
1.4814086094816503,9.829901099578397,23.42795293932144
9.818293898182532,1.3974577886495498,20.425359263831858
4.783703070399881,3.305963007592103,16.698345807415855
4.973913654986627,0.5105306469192361,15.960064403581336
6.394725163987236,3.312688802927263,16.011354475912427
3.685846061296175,3.203262865108316,11.554489970084862
1.3690027168559893,9.468071709445221,8.394752754358919
8.221177331942455,8.451540869957203,28.747346831523878
1.8984791190275796,3.8276421924277146,7.556832802140867
5.11318982546456,0.2476905803924867,9.596786322810594
2.2431702897473924,8.310311139953782,13.220303278512217
0.9784448449403405,6.605361771445402,3.6609765560605116
8.621915174216833,1.5236448365130972,15.222219443231646
9.729194890231303,9.960712710101872,35.018107382722974
9.608346580630002,1.0023343742412305,16.99930932769443
9.065554992211789,8.671145415936628,25.147198825597798
7.740473326986388,2.9426616412968896,26.78449763114353
3.331451520286419,4.353534663251571,10.779347232119834
0.8110138998799676,7.954565267763146,10.78163463152267
4.072411714138074,6.775083559940103,19.592157004699132
2.322341421709427,9.378643744440392,20.402606036571214
1.3248763475798297,6.211403254603832,8.141333201035838
0.5342718178682526,0.9781016147905275,0.1925046753313684
7.2559436421057875,8.843603632419503,29.47468715777216
0.11427458625031028,7.69155524988591,8.025458818096002
7.705807485027762,7.11870450893322,25.974493671383016
1.4694664540037505,0.5373354735373537,3.1777655280026584
0.7952208258675575,3.9622274466174403,3.200354040700662
0.8960303423860538,1.6743581945953923,3.813590738541812
6.7204780735391445,8.21903908407869,21.61862145771943
2.4536720985284477,7.005286228178628,16.522553043646965
4.205394666800984,8.830775973191352,19.230549574641447
5.573687913239169,9.66575106924164,26.777395982295083
8.605511738287937,7.747476141924986,31.048583312701478
7.270442627113283,9.94233083220762,30.755322087438703
2.7032790523871464,6.147698861442988,10.501873811589329
1.314827992911276,0.37129603891447815,0.9728126331465807
0.5537432042119794,0.1425151515029588,1.1882272787314638
3.015986344809425,3.4210387520378873,9.756870582810867
2.6211814923967824,8.234717190675372,20.291006168120386
4.561405668004797,8.66134706324731,17.764751479195528
6.832813355476804,9.608125288226779,26.486917892337797
6.956254456388572,0.651214685488184,12.530559980269745
2.835188465821666,0.44571110987664087,6.412021006706973
3.799269559001205,9.132835963670336,14.254818273775156
1.8115096173690304,3.050466983628616,10.55980043350773
7.885455123065187,5.579874006096327,26.62413961894815
0.568480764332403,9.824448830007098,18.9108477780186
6.969972417249873,4.004485347359234,17.449258730941622
7.786953959411034,6.658713983098399,22.075631725893018
7.774075618487531,4.008795636319853,18.66846875965736
2.5942256434535493,7.681946644627797,10.608009798643002
3.7381313793256146,5.277147255728658,13.253185536620567
5.87599635196389,2.3752313798634974,13.649454900351852
2.7282190242446704,2.713061012584662,8.594926898140626
3.708527992178887,2.5805921253840722,10.629857186496181
1.9705428018563964,5.323203282585608,14.24970141346329
4.598558837560073,7.031890160156643,20.904487856238198
0.44612301254114084,9.492799000431422,19.995247476624954
7.99795884570618,6.940873750829799,22.7470751725433
0.7695644698663273,7.811928439623906,3.954227629349243
5.18835148831526,1.6892611586456563,15.658611726303576
3.068100995451961,3.740626250073257,11.776341353347606
5.775429488313755,4.13780219858266,19.85095098097303
9.59433340833425,6.86380230000473,25.956197852873558
6.455702444560039,2.958919763768736,16.413738976034423
0.3536243575549092,3.032919214196661,4.409103476897147
4.304024395080612,3.558891546408681,11.853232326975844
5.100168523182502,8.103020815432323,18.335509140880408
5.36177494703452,5.775900900433487,17.69499856391878
6.813925106038379,0.7527727983273447,23.238717855460944
2.775960977317661,0.7824609969046881,6.161997591714336
1.2886056546632019,3.712869442824993,5.220346101807711
3.9267567654709437,7.665910506061583,15.090359239862408
9.564057227959488,6.886834264786805,33.0995757480001
1.8713089175084474,7.079823546511866,17.130851407425563
9.03983954928237,7.672100660540969,29.79502415810276
5.438059500773264,2.8715271288632938,15.27399996305519
4.569114216457658,5.482562819420879,15.904836043275969
8.820414102298896,5.433526403167695,22.588252383341953
4.586039617685858,7.396325011799493,17.449987630942598
7.241676366115433,9.568705691056463,28.52902478066681
3.99025321703102,2.779899447954659,10.494731950317417
9.040443929009577,7.932816727570482,24.93675853942379
6.900250201912273,6.599705485232624,25.06907280714321
6.996220542505167,5.802378708634601,21.885755075782598
3.277204015571189,7.7487977934740195,13.505284213471553
7.567786427368892,9.440324664280993,29.55632913184788
6.360610554471413,0.3669141786941299,12.83232724314534
2.4002027337970953,1.4740010251322067,7.841390678284873
1.6053882248525642,7.562872315011157,15.592812413640779
7.963914745173318,0.8379135291008455,15.88805406840305
9.591666030352226,5.16123700741093,22.579022705955467
4.581388272600428,2.1986077664160697,15.033715837008204
5.90984165323685,2.742957038427515,14.324215867040262
8.577226441935546,7.0184048294441626,23.118956298456144
4.572234533538571,0.30192773268711615,16.454874458670858
9.518744768327362,8.733194279019036,30.202417176637063
5.757511620448724,4.4447895535227,19.233755456806183
8.20767120701315,5.023932939071011,21.44234686274185
9.088437184127384,5.400479636936919,28.790045947789494
8.155238187685688,6.455442945794939,22.76772481861472
1.5941446344895593,3.448565866227481,6.615163131097979
6.288984390617004,1.0110749056349133,12.499153506784536
3.984342586196771,3.183789366661766,11.091149302349129
0.627129520233457,1.681421180228203,6.679267447834217
4.240322518898419,5.561331794504739,16.363194412149912
2.586840668894077,3.180286309603865,7.972660705240718
8.490383084285108,9.580671779934349,29.698079306793513
0.3330462654669619,9.657342779802807,7.426458763201872
9.589827218634735,6.201258805682414,25.49483955458559
3.553688484719296,6.174972676672859,13.646250251465291
3.5670689040254286,9.85378564567106,25.88757050328681
0.1632850268370789,8.87283151235186,10.38887413761469
1.8523232523618394,7.6506994915814,17.906938567960488
4.0125950080360875,3.135906117427012,10.516806836226026
9.292914173027139,3.6553902811807637,28.506029658665156
0.9961493022127133,2.012667657608654,3.4201220105916312
9.453015334790795,4.871481269173747,22.22802496527238
8.694885305466322,9.903685221395795,32.143374952986235
4.541623969075518,9.121509530115887,25.575057188861457
3.2670088176826004,1.1834943401946907,10.545255368054626
2.3274412927905685,0.2519028929050615,5.894917881019878
6.144647064768743,8.986376684082662,20.235142477208985
0.3307459147550562,5.371701279487074,5.81370231964967
0.15606064446828216,2.0018988820845616,2.6786286212653234
4.287957224982378,6.736532695846353,20.877466607860164
0.6807407397472021,6.4422317792982,8.103198866516601
2.519409882460929,1.2208560683646719,4.843660459335483
2.2116091534608384,2.596002334976195,6.691783216173518
2.5319119372285193,0.6007796431325796,4.727706934685491
1.3105523121525775,2.0986047387014195,6.787099849654924
0.1203622289765427,1.3230567485306288,0.7298737012569425
1.1548429713874808,1.932362924745561,4.8692518563969385
6.184802595127479,6.85467145913117,19.378974253492462
9.742562128180502,0.49499744261067735,15.481456832596646
9.90345001560894,1.0185461524821648,15.473334851919883
4.090540953730616,1.3417363807828764,7.224946308047018
1.6295442604660537,3.1654112095813405,8.032831995009962
6.387617573665293,2.9875031085194093,16.122148670497673
4.903053465487371,2.5506378531663945,18.211368396059083
9.894097772844315,7.505366534324162,26.87943142714166
0.653042071517802,9.980227877581006,11.517230458474494
7.832344383138131,5.339779236287958,21.26619262272312
2.883984973314939,9.442027179139421,11.320691198604944
2.41418620076574,3.966101121260647,9.813054397776018
6.62504571532676,1.0668244680271344,13.94321800973362
2.4606318499096447,4.087738294698373,8.44100451609124
6.6585911755918765,2.9612777341469334,15.327083244062878
5.173085172022888,4.934069622891782,15.558680407645854
4.240889884358493,6.570436769164232,20.16807165404782
5.54687808661419,4.610502191524082,17.20740991086904
2.8705151991962974,9.351605120778256,23.857381644993804
7.065747062729789,8.847648222993799,26.039627078738068
4.1485686933356405,7.0197759516619715,14.57625967611106
3.6054556048589226,4.896849123645492,11.010754520970846
8.286569145557378,1.3168728181445688,26.370652354077983
9.249669119531921,3.970136667776334,29.9267671226924
0.46007310887296926,7.044015394011737,15.98305260205402
2.326269928297655,2.848855205537312,9.542343990789378
3.4851936949256324,1.0398807754342043,8.017767408526224
8.149664793702474,9.078984575106281,24.657019504874505
9.854914276432975,7.090508098155446,33.81040150037053
9.689717046703517,6.152764266350972,25.215763933770383
9.049483455499269,7.924989056089165,30.615038588210084
2.965562650640299,8.356460375834757,13.800576532306472
9.920112434144741,4.834589981710233,23.83921451391072
2.4942004105645124,8.8118825140944,11.848328712722116
1.059061548822322,9.164190107011054,10.400048855616781
9.50952611055394,2.715510954247814,20.278795816504168
2.334202554680963,6.075453597907943,10.319098163112239
6.897682650777504,5.265840288204692,18.584077809916444
0.5835635898058866,5.379457791519025,4.739686799449226
7.3070909912747615,9.37663093964562,28.893926590118433
8.817202123338397,3.05188702693029,28.046064370533937
2.7243689546596253,9.834339782345761,24.744373396662613
3.7905689607742854,9.021312148042322,26.26772682560578
3.7429618332091605,4.587228886135026,11.388818027972087
7.487882575401331,8.174532636181661,29.673702715371867
2.378072425390388,7.690469943201405,18.855230262289666
1.71853099047643,6.7789496961852125,11.036511268841403
4.49291648687738,3.1983388938315427,11.900026511609642
3.044684073773195,1.9645099182095394,7.911343209965605
8.391891222586525,6.715276967657582,22.517527091302036
2.3774182601563876,8.429732964010842,20.913876673835674
5.023894574892615,0.16252788677369678,16.269120842315665
9.425835996979304,6.428033753085121,25.928120585768205
6.339976977446607,4.428730246222124,22.08427232168775
8.672894054624647,8.980877551269836,29.367870222021246
9.402096893547673,3.2147293085420525,22.861593079408188
7.507648618863519,4.741848122636218,20.522151759999502
6.995750602247513,5.147671040351863,19.769787280409993
9.67965566604227,1.4043952137105298,29.86944750264484
9.944007896476794,7.128923026989064,29.028963434346508
4.518216826697596,8.304763451209595,17.660472668140454
0.7086977818420837,0.5790927689626024,2.9798176417249826
2.9279403144051885,2.9138882053690276,7.592744631100526
1.5235470568773046,0.3804468153505791,2.1305794362883335
4.174863747960118,9.565441046882423,27.463848459276818
1.3128932847325603,6.671688207038235,7.9403253766890955
6.04117804020882,9.642004194547816,28.078680938641437
3.8280805915785407,5.314942783313078,16.830014822804966
8.9538588428821,8.020685238956139,30.27943980094475
9.67794671798502,3.7441398387974,29.315475592125885
5.468849016694222,3.538190325726409,15.67643336584063
2.748235698675966,3.7826781710513266,10.408644756983904
5.9223041876183675,6.578621337264282,22.289091443770637
8.967611582244098,3.5945315102165223,20.017414524379838
4.067333458357483,9.003674516042256,16.014043093713962
5.520782766919709,9.832748650501554,28.034001085601133
2.7165276760614585,0.3042651533700591,8.172563201010021
4.55444149450027,1.9362329040249648,8.928943850354274
4.017135353795986,1.12249992587386,12.697643075720647
2.48413465082971,0.4236404709144326,5.4852206028253265
5.058663838253084,2.277409933472865,11.887625694499013
3.1038082597981145,4.467933203690811,13.157488779281245
3.7303486388074747,8.369903652886837,15.606225541528216
5.249704422542642,2.218240305099961,13.346950201380873
7.5059502292898745,4.939452556622013,21.668619327884
3.3350746579127533,9.296187394467545,23.888469874872158
9.241587666207636,6.672147067866749,26.51745370292331
8.623185468359024,7.980790197559974,24.557603961163206
0.4869029597552854,5.509939701854862,10.615577838219696
2.5364252425682277,9.8046645884063,11.733468655541346
4.46135512659202,5.886621546814742,15.323509898730945
1.0462788874247408,0.4551071396259154,1.1010576448256946
3.4847598903349706,1.9798279993979484,12.680411616241113
7.4009752561768245,4.04773628957148,17.62680541035719
6.805144811428258,6.012771725737763,20.54756926996155
6.223844285660048,7.719308674089599,25.77273976876903
7.1052840272234565,4.130861259038863,18.74978546089128
2.0492368695970176,7.100583050156887,9.86291975231565
3.416981148647321,7.89869503109125,21.710477174613903
6.762424822774628,3.1726019724998276,16.32579437249357
8.792347630313271,9.792702400358186,29.995503019235464
5.436780538280952,6.496564952358356,16.857358641408158
2.826996509455366,8.809980607861313,21.695618800574305
0.3023525800598259,5.559376888086067,4.638183558324092
7.103368289742134,7.416031071523237,22.942099640310182
0.07884103508440377,7.705440616163654,16.0036114502237
3.726790698209955,9.08248379234579,16.871480571487357
5.305372145627818,1.503497568713703,11.68495225649396
9.22111461767193,5.582834241692485,30.107240498102062
0.8949454503290011,4.283785131058563,5.202359680043329
4.059423219682837,9.231590211737403,16.46841399704754
0.24313199710157773,1.050946942489992,2.2994508808550576
3.426109843415903,9.825738886809127,16.043107607286636
6.222310588397949,8.754513240932964,21.22244184660529
2.7906794822859835,0.7382628156424853,7.651574305335896
2.0974994965563507,4.9096638554047445,9.463080946081886
1.1570323332709365,7.1755950021252595,8.644898736682492
5.771402440203418,7.381515456910565,21.984403932126035
6.95270005904686,9.064941252379208,29.074224758243044
6.719571405958224,7.99865435582311,20.653777602724322
9.488610207205074,3.109303803440895,21.6352914576213
0.027032138935026984,4.984347858624524,4.643651751297497
6.47196653894036,7.017857629358541,23.93760361542559
6.003922370976396,1.3843684136435142,12.318035893226167
5.887396099702881,1.9399079760019733,18.56037853603168
9.627703198402424,4.8104244810987264,30.45978883752547
0.16871673370039697,2.982457987055127,1.915178947376844
6.964824307014501,8.62559249784095,28.958549180579475
8.136786497018635,5.86277321520618,28.27779572177691
5.098071966215842,3.486651977183677,18.898733753851474
3.3396486959680916,8.488330256044101,13.963137041379074
7.90840163227405,8.048784485542388,28.801750020921226
0.9724292563242465,9.983548770992694,21.207463259401074
4.420356377299253,8.473076883337349,22.819291785343516
5.199523745708382,4.144565348056797,17.017089092000518
6.939564109345476,1.2749888176998847,23.23474436855439
0.9088573203240946,8.406409082004778,17.953197459551507
2.2775950153786093,0.5975791796039398,6.75805000452515
4.103015626901256,3.5027120734485417,16.81168871196024
6.232946730201307,9.197379807712737,22.099983669439613
8.869607812174175,9.607664734451006,33.49935534072607
6.188261682413765,6.405645935212184,18.701464920190734
1.3346147093493443,6.886483169837136,7.602715263197024
9.805801327872825,0.4245448872552249,29.863783166529224
8.71785734755493,5.144803410895479,27.386211891849076
5.027207611453241,5.468681788063412,18.08186031980077
9.22347981796633,3.401007461241111,29.6953646324376
5.413807937571358,0.6859683475388434,15.951883406758947
9.233060678891631,2.2890759972439403,20.02993060682497
8.298973686033431,3.5798393686119634,20.898979518815167
9.682864102942974,4.3514198651632965,30.466776068477746
9.197828107781584,5.909267255335692,26.64664734061109
0.3603381742856948,7.223915186982364,16.236828913798018
1.7477200416093996,3.1763187327394613,6.044339884312915
3.8913467710118574,3.2895375991898312,9.166037154927059
9.521426972954208,0.19691642723703717,14.148239350899452
3.000289194759296,0.40874860094018306,5.431416704019583
1.6046764388760104,2.578216943085364,6.576489602496486
8.8630466608656,7.402449976749566,31.16527257066337
4.4639441548320296,6.283138303739122,17.110976752065074
9.07875594354326,7.6978902067783475,30.896485821245644
1.6023046632014326,7.689194362148218,6.468525159722683
6.611175115080995,8.565674676693012,22.668147625316738
4.402637528294918,7.203192659868836,15.226378868023685
0.764867690302854,9.790109190008229,6.242177128121538
6.964631446525006,8.988252193018173,27.32158617071495
2.473987555391537,5.867171662232343,16.221558443389
0.39615522579517726,5.881576704911717,3.914278808388189
0.5994429824957326,0.34267040352229494,3.230345425837752
0.6107853706678734,9.985265777083542,6.657195817811334
9.077329574850395,1.3157599736614178,27.13525531594073
7.39883917829101,7.403471966315919,25.518248290225706
8.98062357213735,8.21015195124309,31.345745834101315
6.725823112965213,3.730545293052032,15.816674022677015
5.289399290308832,1.9685205466531375,11.882830935474514
3.0444636434737826,0.9875988679055503,6.630289600431002
9.979622513286735,7.486060058295778,30.718584471843386
3.6218905893938933,4.526535292056957,14.70175325943657
4.706489492139095,7.1371775900113565,20.11048664799154
3.7824517492346175,9.154076488518006,25.21043307377613
9.795269293354586,1.4658373615105669,20.249966197181326
1.7465838539500578,9.191710007237997,10.939522043001833
3.279880009080797,4.116264595084367,11.50506493036803
6.803486660150016,3.0526700989728903,17.49784574654723
0.6320761833863064,9.430622606027791,10.661737818249968
6.07249374011541,9.906516926063993,22.44334043950603
4.776465028764161,1.9889221776744814,11.433903159790376
2.839999767621011,6.568383469519833,12.95835065993108
2.38413280924058,1.0649531377106036,7.772073418783661
5.145127432987567,6.509140038575057,17.55420637840076
3.6792758053704135,8.273132277758497,16.04837811274379
4.5651989126265535,6.844985465240676,19.77401958231354
3.3747738176423994,4.173331420625957,11.396201305228239
9.704936935959775,3.8306635956376955,30.827622291958008
1.3343943174560402,3.9312241522341704,7.016888869707138
0.968039531783742,5.897118179929231,12.206070618122203
3.4339172879091606,8.815672700724956,16.38306299561855
5.910269008704913,9.290661572687679,26.554821359229724
6.591764718500283,0.5352962020731811,11.218119753161217
3.9725674716804207,1.816223946456883,10.947245591983284
9.99277993922171,1.1222431582828851,17.802782445709212
3.518929961930426,1.9333464076691398,9.310004583838458
7.214066679599524,3.466078106091718,23.441847508822455
6.375826945307929,5.065316826226239,19.978080010995846
8.130538632474607,6.2946122700915215,24.704148202649883
9.7622566345382,7.321422191397015,32.1766614931475
8.897936564455403,8.90111541385807,26.724822187977626
7.645619743577086,9.890884372297908,32.40700264287083
6.982484778182906,6.628564785571198,24.6801650175887
3.3549816967589963,8.45364518667763,15.2383418107955
1.4768557820670736,7.780388469246989,11.737441178897301
0.6263600305980976,3.0753203921871197,6.373163775817311
2.4190170420148482,8.75692270234923,12.77769539093127
4.322814811812986,0.42763137947798846,9.723289452684226
5.219962736299824,0.0036734375145786036,6.509959540097325
7.730835540548716,2.7373262938846423,18.60278748069635
9.58740923056593,4.620975296274499,24.511273923979115
1.1732048038481102,6.3836289500067736,6.271198183304317
1.0700414019379156,1.017702665445448,3.7870877562395187
5.896947230135508,6.730101338348399,22.97057050302901
7.45398073947293,8.018158670596945,25.57957048794565
8.481503803469849,1.853129195793668,16.55143464703944
9.358320802167885,4.151252548317938,20.934090869394325
9.83426242260642,5.199849899533097,31.086963315318986
3.9980169222452586,4.5180701808448065,12.996095243184882
3.8033518352757314,7.9982993088847065,16.92179492769122
1.4780867669727238,9.605223981193308,20.889411210507813
6.849344386835594,7.9895316400817995,23.529046321936264
6.567619584408371,0.7799281787582457,18.79249819986578
8.620625958512072,8.049355721591272,29.67568296266013
0.9725799478764063,0.6659633223555117,2.5114139464185126
4.977769078253418,2.3597038524157,11.387597755734538
5.810819296720631,1.530968968357228,17.290207437902083
2.415570400399184,1.9751910684608542,5.416413160828184
1.6902540612916128,5.283151270573506,13.060553960291768
8.595808364196214,6.7168985761085365,28.51034135438903
0.5853492223555878,4.70321282336041,4.937353193137893
4.706209039180729,9.596956390292435,17.954593874148017
1.1583400130088528,2.4029232003016663,7.955143517064991
4.570587613313673,7.631402302547929,19.234515816499467
9.799623263423094,8.701821785071486,33.1280692082324
4.2370635345547285,5.620661107547191,14.899632621241643
8.571249175045674,4.562225019615531,22.784719926697992
1.1731556418319389,5.961844467792437,13.451335997593592
2.712520767618641,4.288097701603429,8.453299121898121
4.0379274066733455,5.551938823233694,17.92276046960592
3.998121400093307,4.169339521288016,13.712915083491483
6.713834786701531,4.00469710294134,17.579778851460986
3.447181273755077,6.953464681395298,12.89146528666231
7.137668684100164,0.9285121306796795,16.60726915322879
6.391868992253925,1.6654207272882082,20.429088777086942
3.9916114525477306,8.511984717150039,23.57273800425715
4.317601276543193,7.7107734681518805,17.75453382315032
6.145276998103207,2.8145372729439377,19.512284614292643
0.7004219014464463,3.772689326657602,5.528134092819975
8.224067383556903,9.260265066284806,30.519478401340404
6.534211611136369,8.180772251738613,25.592359384734472
7.263424644178352,6.143462999796308,21.414501311471483
5.369230010823904,2.2149017880295774,13.058504795903989
1.1047711099174473,0.4425197131526959,2.552572342711114
4.050356132969499,4.312578468418982,14.868593891812415
4.053735828485561,6.726271392574619,20.771870776529042
3.2104299004321692,8.284804905178515,14.57549584745734
0.2995032490474936,8.526890057422694,6.817229885656056
7.372542425964773,0.32775901293363385,21.754319042669323
1.097844580625007,2.441570338368794,3.979423339621303
6.063081330450851,3.3909458847740304,16.979177559738375
7.032174964672158,1.8873221095938586,23.13898595970262
6.347863229336948,8.029753783638379,25.387033661813575
9.59142251977975,7.674657630849425,32.5695881488501
1.0329815508513862,5.1683304038097075,12.35941463842905
8.671671591051991,9.829264779958555,30.503566649137806
0.29190234848913255,1.4405854109084226,1.5097898872609004
5.349168549270839,8.996517033276689,20.685342559538565
4.042436179392588,1.1646325416191616,8.465337033626975
5.241838603937582,1.631817055141207,13.14429741288556
3.650998770600098,6.962192002506188,20.693415900649605
1.9056691494006806,1.0956969204168931,5.360622380912415
0.1912289744868978,5.658450954187108,10.940882269489958
5.181498137911743,4.202335364726536,18.709115864219232
8.427768626848422,7.2847396554101485,29.6390208095683
3.7321595574479414,9.006752388088652,24.263512884319503
2.2286381801498023,7.698715146690553,16.778630623405483
0.8053200347184408,8.496898764211883,6.844895439391599
0.8531092311870336,0.3294544853123238,3.176317097050494
2.213964462927722,3.101954982442031,9.951243848659098
1.0001406092155518,5.154330866863324,7.362381951431199
2.6503969836448205,4.159533146297795,13.523872018675757
0.6614946211695472,2.3125495297968843,6.526470647125203
0.6560486720992564,3.0787409796002327,2.6999959983418136
8.56276179622782,9.454309703916056,32.167958193630845
1.6212026070883323,2.9418087987135157,8.51393850542611
5.59682405823448,3.5390411017978574,14.316781487931681
7.734555444490305,0.037097737500186856,12.431854304666931
4.564095653390666,8.450776272778745,17.045832105724212
1.5336887785934572,1.5484070340157663,3.8783188635014527
1.9959614212011434,2.0414427551372603,6.670430341023003
4.3298420628118075,2.552645170920256,10.793591075496874
5.282340891785358,8.846220568448427,18.19640051499752
3.494402920485349,2.064514112463147,9.270361693758456
7.814796002346613,7.975263608679399,22.54931544280534
7.510216488563985,8.080493403229045,26.926401056547153
9.272118073731178,9.270205687863958,33.882659688143285
0.2895254902696054,1.1556131360031396,0.7791167396609883
8.956912912102034,2.1727897233783136,20.695230374931576
3.92568788462151,7.428982920807213,14.893712458197536
8.78372495379994,1.9600075428073904,17.479335462997312
6.907847761565296,2.8632954687344903,15.617448398769
9.873487570739682,1.6674158011136264,22.39252087100129
7.592824517166681,1.726966861550493,15.28890560691843
3.645446259967866,4.815533546282057,15.775899241969887
5.010631728347521,1.0968306211295853,10.80360122168944
3.7638915519435123,3.216976184636222,10.866931640474688
3.6491183602123813,4.26593909598879,14.421531139253759
2.6090449938105973,0.24548116523977592,5.524956937734549
4.959702953734696,3.883331664744526,12.46180738041598
6.817399450693612,0.9412243608551696,21.854449176033576
2.7734027130524352,4.935785311461767,10.701119936391803
5.2437981107722,8.257381885570963,20.321904928824978
1.1738029417055718,8.184221621817873,7.318529970385127
1.598452868541913,0.8044851553740051,5.548222478959222
0.46806354712188747,6.012277576745202,12.747882645156132
9.70731442770633,8.345863819712365,28.584660228254393
0.03860351510261095,2.3797254293463532,1.787195342249988
1.785799680576563,7.619265114495991,8.787034130428992
6.128667531169923,8.907643464500932,23.74236973953251
0.813695988533053,8.061241514404442,9.870612497593843
8.818965030968323,1.0730103151550452,14.284633154932743
7.196201578422881,0.09059999522384898,16.479790045698568
9.663899714378934,1.9172410992184563,19.732920101058397
5.0763554724076485,2.7047734094662323,13.604419364160695
3.0040368315848722,6.1618299061595945,11.372855429169098
5.495005727952714,3.842731752423184,15.02405027383937
9.308187172979732,7.034070306614735,28.250549926237717
5.207614372418606,3.530749605216086,15.180606126596718
2.6720703186231862,1.544254246546003,8.002968213490925
8.773987891741196,3.126898434860351,20.617955920986805
3.719187485124613,8.84324226389135,21.024060245603252
0.013833499989991394,9.585323442450647,19.506460103589603
2.4768502249231594,2.075127340673685,7.74139595240282
3.182335091770624,7.884683870244413,14.062414931109359
8.587774682319022,2.733487365398707,18.194405654412552
4.58503167066445,8.871315434314075,19.38687333109065
4.445872878113008,1.6554561279625546,11.000062710607196
3.361022663998874,6.659599186940569,12.21914051551059
8.806781230470795,0.8421126471318252,20.69427938744069
9.450267769403913,9.738933239738696,33.429371798059975
9.918903291546293,7.006333446405428,34.44709033019192
3.7674126696098673,8.418157394050853,15.419221300810186
9.661474456271714,5.666693393630346,29.88027611354897
7.918795696309013,4.768013639288602,24.89342240524919
6.756891476442668,6.218823913943651,23.650196037308014
2.448894794200994,5.287415116994481,10.395464240327234
2.1645726094420983,4.69384355145153,8.8951822675792
1.6604782452124567,7.594502514576428,10.073080028430011
9.227566102253654,1.7820095493926813,30.978702888891373
2.940766623831661,1.7117204815515852,7.643630397858258
4.530942454488784,4.318426506497062,12.380494846182307
4.939578339872234,3.20747916044946,12.536661389237466
7.781715954502541,0.741245179130241,22.971585819532624
8.442349615530242,8.444704924187343,28.751875046715096
1.390727011486128,7.7160280669434975,18.86040117955835
4.269043602110737,5.439214998029848,11.836161764752632
8.428548878354572,9.793245372643689,31.172593818647965
8.180333057558384,0.7260006654760531,24.39253288463602
1.024137584524164,7.66669301027875,4.983323221363735
1.5638334886796301,2.6637039160909683,5.552353562099749
3.0419869159940784,3.6859891994357543,10.961849065541996
0.7535906908334034,2.1927938520306753,5.097448190011731
4.246630028405929,7.890378914618652,22.391595914676035
1.076177051495819,1.44240102021566,3.956030985669476
5.68217593669845,8.40016697735278,25.232771493471702
2.465569398111561,6.6157764822983385,17.02762957428554
5.964330653496227,0.5902324526911473,10.03410900550436
1.1752564290363765,8.109817316001534,11.872400266118131
9.758838684185333,6.277557161629794,23.87565494736763
9.325612038573404,9.049823195783414,33.76781826709326
3.917969385646658,7.487223064086383,15.387038233929031
2.4217859412608544,5.611209274297748,9.325807077817569
2.5039821285357275,8.365471806191977,19.85765270054353
4.8339353520239206,2.7805023830122213,13.45698354028604
0.3999280190071697,5.469500618445636,10.991729562228864
6.39705106075127,2.9361681980341015,17.382677568435223
4.083029083397448,9.682043910905087,16.238679372129802
3.7740657258888732,2.2619630084200635,8.0367027732375
8.093649714891985,0.15738239670462506,11.133609297001788
7.0903546018329,3.258548420037962,24.434550162821854
9.54333815392692,5.025093969698046,23.31660070964754
3.519362404956907,0.28362934230075076,10.762476048675744
8.975427646494055,5.592483000339073,28.823975764364903
7.699671862500889,8.742827749512301,27.884994642133524
3.5742465159471304,7.047321944166701,19.97791226287189
6.216654364532578,6.229683229783043,20.905362733611835
2.8856995765169557,9.559617507082512,11.574459430308291
8.743999170748424,9.582793338421059,31.87921715651025
1.1242731721231125,8.242664697032286,12.475173849009677
2.12434361294041,6.07741847385851,8.499590395312305
1.8303329207992114,4.877645594977067,9.440876241812383
4.030260024042887,0.1331611324646731,5.350842558723542
7.452329600321291,6.062619062265414,26.020417755383477
5.269074490521803,9.890880753568537,20.811981137471058
4.876763235382075,8.18101050024029,18.46714706918247
0.005459648969956543,3.4060464388435197,6.621218418763441
4.254017253550547,1.5204702504442202,10.476993160938491
0.6355377483615843,7.840586144671541,16.848393022269452
2.082532521214838,7.439378206317415,10.056534559146385
9.323939389604943,9.67046791979323,32.53879351726803
2.153982043432382,8.748423619393389,19.869924965704083
8.583376386342625,5.556626252724074,21.280532887196472
8.028933715613341,1.0128424696474214,13.307275806450873
1.5914623694224284,4.835006583839601,8.028690713554656
6.0571195727027884,3.13695054022317,15.843277083802066
1.1566187190501331,5.124084820248398,5.9173359724125385
7.278881583695115,3.017015746396532,18.01857265251323
6.374622773722066,8.618229919755958,23.41228387324493
8.119385616910193,8.443270139828222,24.157721729621795
4.79384549389188,3.154651571670559,13.816369683843394
9.14863087833383,5.99581346373995,24.35055920904483
0.49348946788439707,4.301808576390541,6.428926380131861
2.9288856502701464,9.090927570285633,22.91991128416819
7.1505259746516705,1.8736090142632278,21.065917465133364
4.181092117480008,6.977284017849593,21.094721375937745
1.7295135427115638,9.703753278372165,8.891652691604802
1.0721074542854603,1.7527551956309018,3.5966400138233325
8.173391114616214,2.0196642842420323,16.859196904301474
4.731429784656442,6.937233386722279,17.314035847927492
8.822836719191073,7.791539245249139,30.391403052816372
7.33289134316726,4.905490547939327,21.04622991952122
4.097262056307436,6.096864651471213,16.692824233605712
3.7351101415568366,2.126824088118288,10.94467325362271
5.156383466512517,4.7661422856732605,18.017791396347274
8.890599531897287,1.1207188087491515,16.34836413877715
7.372785797141679,3.214219252756647,16.91880978338092
0.0515296426902323,2.847797050309543,3.1599669089384586
6.941578513691256,4.446253601024201,20.304746803020624
9.195074069058206,9.30126362243697,32.515491414032745
7.104557595044916,1.812676621478424,23.51709095836054
1.7700578156749591,4.013882466247205,7.646521171380375
4.835181274274587,6.155972191096447,19.911502926326136
1.4031601792341941,9.465570860740018,20.250772195681314
3.5899527833963205,1.3314819153576818,11.22382776551984
9.371170419405177,9.178766169931135,32.72618740009309
9.233053075587083,0.8105378863406154,28.98973205313619
2.828368521760829,4.807413971602644,10.657119744736043
3.3963104416619916,4.545898672304828,11.616427271602289
6.002128681312939,2.0960272887719555,19.0988485858586
9.6319729526038,3.474596681158475,30.39917282496533
1.4780133406539042,4.541652683483981,8.013847764030906
2.5691664368666913,8.652114629106292,12.746935086438599
8.735568272907715,9.550641453735597,30.061707149906823
4.918922317083445,5.1892567863716526,17.632008584435763
8.989610922270316,8.700997902944218,27.005122613532468
1.8551789752317627,6.0817158567677945,9.484043444498333
5.326685874713607,3.4908734198767544,15.573404211208063
3.2626963264937237,1.9419420761346906,10.981411656971332
3.1654255989247604,4.131347717827648,11.205314654375979
4.468769639461991,5.228242829238478,14.643456766826555
4.330774491012685,0.4444338825955618,9.232956738238281
3.573468796779544,1.4584116587085072,9.44383955765039
9.149707703156185,6.0018442398144,31.479944665421637
7.317441854328928,2.2500159467716205,16.320217024076936
7.2754699133152965,8.373263760812975,21.86553639456369
2.8991344959195544,3.269422497741906,10.70360727995017
5.777094243168404,1.0483420725325088,17.066502648804903
7.79179433301834,0.8353058855531703,16.497424465179776
7.955903685432131,9.371230205317797,28.860510696834826
3.4453046075431226,1.1802031124187917,10.9841962708815
7.708727565686479,1.4090976416206002,16.13827580709966
7.35893896807733,8.62666057932753,26.810595091584076
1.4150648562190027,2.5428813027734396,5.9524550219290315
8.659454685664773,6.659514107544161,22.29583210733483
4.413214701804108,8.167256870298914,17.486612123465648
4.864104488886655,6.071806401301921,20.686024804887676
4.483691788979973,9.574885434478494,25.314964175548926
5.678460014775075,7.088828992608414,21.208595801105876
6.211692473670547,1.1275150990365834,14.474666316221812
4.981795657629434,5.584100265458799,19.732358221516908
8.667885432590957,7.181865260891839,26.59063510287969
6.277347561952844,8.019572403734452,19.867488715723777
4.0142794930551995,0.2632133528409153,12.875558925221792
4.16691756908711,7.188789152714245,18.07609325864453
8.108386151289514,8.256808210194496,23.778612729158443
3.481919427465201,7.4683381093535655,15.681391294715372
2.1145479578241355,5.123491456555981,9.401857755372232
0.5938318800578923,4.580209630888029,11.193065881564893
8.760268479205742,5.494185832998158,21.964209282415943
9.185464511903499,7.04643698826602,27.365262398268563
1.2012018216347597,9.229142906324855,5.393262384190632
3.3447374149611484,6.17035210641125,16.22928191749127
1.7537206951524387,8.878343062834697,21.114430747254058
1.1589846882587973,7.012568474457273,7.696902347408929
8.998667430000303,0.6833637743884757,18.532880603462726
0.5687725914535546,5.008281900016218,10.916196261048784
9.804856634690069,2.8648634831524236,20.5849519998198
0.9645086069738418,2.8517492813257226,8.321458816178376
8.634706491935857,3.559275512159842,19.313652621228258
5.665061069891627,3.147327720004758,19.24721760368653
3.679174878178734,5.786099801171002,16.58881106891999
3.4234237662515787,6.836015003535571,14.239059329131377
7.573641432377087,2.6874938707673546,16.57551399085689
3.145732950042872,1.2976262256838134,7.757870898970011
6.573189166171418,0.588087209344621,18.56079918273317
5.173260835160801,5.757528450305522,21.004236445697966
4.849656451580705,1.861301663330024,15.909756905442936
9.011621706491615,0.09247994223699374,12.28288535140769
5.546450586202596,9.277530793237041,20.41881730585171
8.26861603048695,5.371404190832406,21.62024006662073
7.255735341014894,0.9244818024697277,14.934834165074731
0.3855724605899835,8.429211121274854,7.499723866369202
7.731100525054192,9.832027382901181,32.29433915534202
2.1687025009104066,4.4860066201771716,9.313397376438893
9.031496468515716,0.4248960823815817,18.725503482750867
0.42924190608832014,1.175459407560635,3.3063880609689758
3.3307203447431877,3.8165374664543217,12.958847531453351
0.9973294723475401,8.85522637448877,9.558254898832358
4.755891170848438,1.4803867927776204,10.132809440025099
8.200224358697518,8.239900940026955,26.946293250480206
2.981873596630641,0.14976260219019433,7.869992810525421
1.509348973110416,4.57388698785811,11.798833603248639
3.302670356968992,6.443971409505681,17.447439429416026
8.13880141920636,0.603794820255964,15.806536271790307
1.4038395779934687,6.147627506164866,14.022637672394488
2.273624490775018,9.444041214695561,11.388577437057139
0.6885196449337394,1.6025992013659507,2.1195367943315118
7.057100439896077,7.296113830353528,25.08158671176529
3.952332435363368,6.090938979435434,14.075431175430424
3.1083997714331604,1.8511638887923054,9.392891659098604
7.186263903411519,0.062034147093660286,14.803244345021854
3.359775423402552,0.09284450505927078,11.351978776021163
7.27771273214418,5.320924091720286,25.391494128667357
8.151993953143135,9.427794095611935,26.871896468693194
2.1766284345773848,6.442986274656124,16.48903564006405
9.738186968459834,7.142998462937436,30.262617302277995
1.6235794791266678,4.938654869205371,7.117847922921987
2.9084090665674256,5.818889426345698,14.86986207096487
1.7979529083354162,1.2636752533060347,4.918985187374227
3.4550565635633443,8.768206204006308,16.49163865311205
4.800608878207556,7.607926286668018,22.986927473581467
5.221758690021191,9.981989528446096,21.329817426632076
8.53606042296272,2.9772294755562134,19.637154116889903
8.894479088158665,2.2701777179605784,20.080625224445562
2.201038607809064,1.2516165796134293,6.4418185876410945
6.228940321857524,9.642097566160448,22.86714765992316
1.114960572987156,7.808851846280236,7.771777859884766
4.589698601820683,1.663246137196387,9.707642440711673
3.2233353804661813,5.526864711082139,12.369368202175789
3.165007454536064,4.137682080672768,11.372229308034244
4.82584241712101,1.5148600780619281,13.461837722154419
7.298276355292676,1.6207298502996548,14.537628025353861
0.691826587923895,9.634699947451857,21.306634880885117
8.791733376874046,3.0496418295772223,19.678826907550278
7.348137746305611,9.414392916839432,29.977959170237185
1.7649938888906014,0.756106730650844,4.077294659681493
9.391609090873704,4.608030422931906,23.613226928457614
5.063122240233886,1.296190485167601,10.718096809779816
9.998085781169653,0.04787385241172171,29.709355738333784
1.9725947430073765,5.537660737060765,9.006453570206435
5.349081983832013,1.1389410481136342,16.812235802617288
2.9024804255992844,7.220245309336796,12.841948668918155
3.0417355738924656,6.9811637570689955,12.793646702016535
5.910653808339902,1.7633290746448915,19.20716647086602
9.217190668708334,9.417421432655166,27.42248631222885
8.05263855579175,7.210434084324896,25.742515152716123
7.239413985013259,2.9797026415692995,23.56186156514241
5.591737821017022,7.092337639507907,19.86317046298893
9.222985036674476,7.319302776815359,23.90623290417169
4.923614066908842,3.422263312509606,14.532604418989564
8.738321783347182,3.755885624614592,23.765881313283998
8.339816438766318,3.5910650765330008,19.777040887605978
2.1383534680158656,6.166184435520741,8.231750388721055
7.712254629659102,9.004101465401794,26.787459147698613
0.12171156943258765,1.7319323622858762,4.082599785528956
3.228295375480875,8.751996098363184,13.210007202769516
2.295674446919498,0.276531565053425,3.1478443104340483
5.068629584873134,6.603385959782225,16.621625989584725
7.368531616807855,4.144388731896942,23.260137162461064
0.9767636744772412,7.912815522324937,10.12535867339841
5.149222019367684,7.21198112930903,22.50917103563739
9.384120216943856,4.8010780714518395,22.77633964988655
2.286465509829455,6.438640367225967,16.7338804557007
6.771411441114241,5.017731306999452,19.239657919983273
